Country,Year,Beginning Stocks,Domestic Consumption,Ending Stocks,Exports,Imports,Production,Total Distribution,Total Supply,Clean Domestic Consumption
Albania,2013,0,90,0,0,90,0,90,90,0
Albania,2014,0,100,0,0,100,0,100,100,0
Albania,2015,0,100,0,0,100,0,100,100,0
Albania,2016,0,105,0,0,105,0,105,105,0
Albania,2017,0,105,0,0,105,0,105,105,0
Albania,2018,0,100,0,0,100,0,100,100,0
Albania,2019,0,90,0,0,90,0,90,90,0
Albania,2020,0,100,0,0,100,0,100,100,0
Albania,2021,0,85,0,0,85,0,85,85,0
Albania,2022,0,70,0,0,70,0,70,70,0
Albania,2023,0,60,0,0,60,0,60,60,0
Algeria,2013,0,2300,0,0,2300,0,2300,2300,0
Algeria,2014,0,2195,0,0,2195,0,2195,2195,0
Algeria,2015,0,2320,0,0,2320,0,2320,2320,0
Algeria,2016,0,2205,0,0,2205,0,2205,2205,0
Algeria,2017,0,2300,0,0,2300,0,2300,2300,0
Algeria,2018,0,2340,0,0,2340,0,2340,2340,0
Algeria,2019,0,2040,0,0,2040,0,2040,2040,0
Algeria,2020,0,2240,0,0,2240,0,2240,2240,0
Algeria,2021,0,2090,0,0,2090,0,2090,2090,0
Algeria,2022,0,2050,0,0,2050,0,2050,2050,0
Algeria,2023,0,1950,0,0,1950,0,1950,1950,0
Angola,2013,1,27,0,5,0,31,32,32,27
Angola,2014,0,24,0,6,0,30,30,30,24
Angola,2015,0,13,0,12,0,25,25,25,13
Angola,2016,0,14,0,6,0,20,20,20,14
Angola,2017,0,13,0,6,0,19,19,19,13
Angola,2018,0,12,0,8,0,20,20,20,12
Angola,2019,0,10,0,22,0,32,32,32,10
Angola,2020,0,14,0,16,0,30,30,30,14
Angola,2021,0,12,0,18,0,30,30,30,12
Angola,2022,0,10,0,10,0,20,20,20,10
Angola,2023,0,10,0,15,0,25,25,25,10
Argentina,2013,0,685,0,0,685,0,685,685,0
Argentina,2014,0,710,0,0,710,0,710,710,0
Argentina,2015,0,741,0,0,741,0,741,741,0
Argentina,2016,0,754,0,0,754,0,754,754,0
Argentina,2017,0,775,0,0,775,0,775,775,0
Argentina,2018,0,735,0,0,735,0,735,735,0
Argentina,2019,0,859,0,0,859,0,859,859,0
Argentina,2020,0,789,0,0,789,0,789,789,0
Argentina,2021,0,906,0,0,906,0,906,906,0
Argentina,2022,0,1019,0,0,1019,0,1019,1019,0
Argentina,2023,0,1040,0,0,1040,0,1040,1040,0
Armenia,2013,0,200,0,0,200,0,200,200,0
Armenia,2014,0,180,0,0,180,0,180,180,0
Armenia,2015,0,190,0,0,190,0,190,190,0
Armenia,2016,0,170,0,0,170,0,170,170,0
Armenia,2017,0,100,0,0,100,0,100,100,0
Armenia,2018,0,200,0,0,200,0,200,200,0
Armenia,2019,0,200,0,0,200,0,200,200,0
Armenia,2020,0,180,0,0,180,0,180,180,0
Armenia,2021,0,220,0,0,220,0,220,220,0
Armenia,2022,0,240,0,0,240,0,240,240,0
Armenia,2023,0,250,0,0,250,0,250,250,0
Australia,2013,0,1615,0,0,1615,0,1615,1615,0
Australia,2014,0,1775,0,0,1775,0,1775,1775,0
Australia,2015,0,1785,0,0,1785,0,1785,1785,0
Australia,2016,0,1730,0,0,1730,0,1730,1730,0
Australia,2017,0,1900,0,0,1900,0,1900,1900,0
Australia,2018,0,2040,0,0,2040,0,2040,2040,0
Australia,2019,0,1960,0,0,1960,0,1960,1960,0
Australia,2020,0,2055,0,0,2055,0,2055,2055,0
Australia,2021,0,2305,0,0,2305,0,2305,2305,0
Australia,2022,0,2135,0,0,2135,0,2135,2135,0
Australia,2023,0,2250,0,0,2250,0,2250,2250,0
Benin,2013,0,0,0,0,0,0,0,0,0
Benin,2014,0,0,0,0,0,0,0,0,0
Benin,2015,0,0,0,0,0,0,0,0,0
Benin,2016,0,0,0,0,0,0,0,0,0
Benin,2017,0,0,0,0,0,0,0,0,0
Benin,2018,0,0,0,0,0,0,0,0,0
Benin,2019,0,0,0,0,0,0,0,0,0
Benin,2020,0,0,0,0,0,0,0,0,0
Benin,2021,0,0,0,0,0,0,0,0,0
Benin,2022,0,0,0,0,0,0,0,0,0
Benin,2023,0,0,0,0,0,0,0,0,0
Bolivia,2013,4,62,0,70,0,128,132,132,62
Bolivia,2014,0,55,0,45,0,100,100,100,55
Bolivia,2015,0,49,0,31,0,80,80,80,49
Bolivia,2016,0,54,0,21,0,75,75,75,54
Bolivia,2017,0,60,0,25,0,85,85,85,60
Bolivia,2018,0,62,0,23,0,85,85,85,62
Bolivia,2019,0,63,0,22,0,85,85,85,63
Bolivia,2020,0,57,0,23,0,80,80,80,57
Bolivia,2021,0,52,0,33,0,85,85,85,52
Bolivia,2022,0,50,0,40,0,90,90,90,50
Bolivia,2023,0,55,0,40,0,95,95,95,55
Bosnia and Herzegovina,2013,0,350,0,0,350,0,350,350,0
Bosnia and Herzegovina,2014,0,350,0,0,350,0,350,350,0
Bosnia and Herzegovina,2015,0,360,0,0,360,0,360,360,0
Bosnia and Herzegovina,2016,0,335,0,0,335,0,335,335,0
Bosnia and Herzegovina,2017,0,340,0,0,340,0,340,340,0
Bosnia and Herzegovina,2018,0,345,0,0,345,0,345,345,0
Bosnia and Herzegovina,2019,0,330,0,0,330,0,330,330,0
Bosnia and Herzegovina,2020,0,345,0,0,345,0,345,345,0
Bosnia and Herzegovina,2021,0,305,0,0,305,0,305,305,0
Bosnia and Herzegovina,2022,0,300,0,0,300,0,300,300,0
Bosnia and Herzegovina,2023,0,290,0,0,290,0,290,290,0
Brazil,2013,9068,20210,11946,34146,34,57200,66302,66302,20176
Brazil,2014,11946,20420,9305,36573,52,54300,66298,66298,20368
Brazil,2015,9305,20855,2372,35543,65,49400,58770,58770,20790
Brazil,2016,2372,21625,3828,33081,62,56100,58534,58534,21563
Brazil,2017,3828,22420,3115,30454,61,52100,55989,55989,22359
Brazil,2018,3115,23200,5056,41426,67,66500,69682,69682,23133
Brazil,2019,5056,22994,2373,40256,67,60500,65623,65623,22927
Brazil,2020,2373,22280,4390,45675,72,69900,72345,72345,22208
Brazil,2021,4390,22340,540,39685,75,58100,62565,62565,22265
Brazil,2022,540,22450,4620,36145,75,62600,63215,63215,22375
Brazil,2023,4620,22560,4585,43850,75,66300,70995,70995,22485
Burundi,2013,5,5,5,180,0,185,190,190,5
Burundi,2014,5,5,0,160,0,160,165,165,5
Burundi,2015,0,5,0,235,0,240,240,240,5
Burundi,2016,0,5,0,195,0,200,200,200,5
Burundi,2017,0,5,0,200,0,205,205,205,5
Burundi,2018,0,5,0,200,0,205,205,205,5
Burundi,2019,0,5,0,260,0,265,265,265,5
Burundi,2020,0,15,0,215,0,230,230,230,15
Burundi,2021,0,15,0,160,0,175,175,175,15
Burundi,2022,0,15,0,150,0,165,165,165,15
Burundi,2023,0,15,0,200,0,215,215,215,15
Cameroon,2013,24,74,25,350,0,425,449,449,74
Cameroon,2014,25,70,30,500,0,575,600,600,70
Cameroon,2015,30,80,35,540,0,625,655,655,80
Cameroon,2016,35,65,40,430,0,500,535,535,65
Cameroon,2017,40,75,40,350,0,425,465,465,75
Cameroon,2018,40,80,35,375,0,450,490,490,80
Cameroon,2019,35,80,30,400,0,475,510,510,80
Cameroon,2020,30,80,20,330,0,400,430,430,80
Cameroon,2021,20,80,25,190,0,275,295,295,80
Cameroon,2022,25,75,20,180,0,250,275,275,75
Cameroon,2023,20,80,25,200,0,285,305,305,80
Canada,2013,0,4605,0,0,4605,0,4605,4605,0
Canada,2014,0,4495,0,0,4495,0,4495,4495,0
Canada,2015,0,4545,0,0,4545,0,4545,4545,0
Canada,2016,0,4550,0,0,4550,0,4550,4550,0
Canada,2017,0,4750,0,0,4750,0,4750,4750,0
Canada,2018,0,4885,0,0,4885,0,4885,4885,0
Canada,2019,0,4830,0,0,4830,0,4830,4830,0
Canada,2020,0,4995,0,0,4995,0,4995,4995,0
Canada,2021,0,5330,0,0,5330,0,5330,5330,0
Canada,2022,0,5110,0,0,5110,0,5110,5110,0
Canada,2023,0,5400,0,0,5400,0,5400,5400,0
Central African Republic,2013,30,20,15,1,0,6,36,36,20
Central African Republic,2014,15,19,0,2,0,6,21,21,19
Central African Republic,2015,0,4,0,4,0,8,8,8,4
Central African Republic,2016,0,4,0,1,0,5,5,5,4
Central African Republic,2017,0,3,0,0,0,3,3,3,3
Central African Republic,2018,0,2,0,0,0,2,2,2,2
Central African Republic,2019,0,0,0,0,0,0,0,0,0
Central African Republic,2020,0,0,0,0,0,0,0,0,0
Central African Republic,2021,0,0,0,0,0,0,0,0,0
Central African Republic,2022,0,0,0,0,0,0,0,0,0
Central African Republic,2023,0,0,0,0,0,0,0,0,0
Chile,2013,0,210,0,0,210,0,210,210,0
Chile,2014,0,205,0,0,205,0,205,205,0
Chile,2015,0,250,0,0,250,0,250,250,0
Chile,2016,0,215,0,0,215,0,215,215,0
Chile,2017,0,245,0,0,245,0,245,245,0
Chile,2018,0,240,0,0,240,0,240,240,0
Chile,2019,0,245,0,0,245,0,245,245,0
Chile,2020,0,215,0,0,215,0,215,215,0
Chile,2021,0,200,0,0,200,0,200,200,0
Chile,2022,0,260,0,0,260,0,260,260,0
Chile,2023,0,225,0,0,225,0,225,225,0
China,2013,0,2181,100,1348,1682,1947,3629,3629,499
China,2014,100,2416,225,1473,1889,2125,4114,4114,527
China,2015,225,2850,203,2030,2958,1900,5083,5083,-108
China,2016,203,2700,323,1672,2542,1950,4695,4695,158
China,2017,323,2900,143,1845,2615,1950,4888,4888,285
China,2018,143,3000,93,1600,2625,1925,4693,4693,375
China,2019,93,3600,298,1130,2935,2000,5028,5028,665
China,2020,298,4400,717,685,3804,1700,5802,5802,596
China,2021,717,4800,687,1115,4185,1700,6602,6602,615
China,2022,687,5000,832,685,4230,1600,6517,6517,770
China,2023,832,5000,507,1175,4150,1700,6682,6682,850
Colombia,2013,771,1300,961,11040,455,12075,13301,13301,845
Colombia,2014,961,1400,671,12420,230,13300,14491,14491,1170
Colombia,2015,671,1415,1131,12390,265,14000,14936,14936,1150
Colombia,2016,1131,1450,886,13755,360,14600,16091,16091,1090
Colombia,2017,886,1650,1111,12725,775,13825,15486,15486,875
Colombia,2018,1111,1925,552,13615,1111,13870,16092,16092,814
Colombia,2019,552,1775,852,13005,980,14100,15632,15632,795
Colombia,2020,852,2080,1235,12755,1818,13400,16070,16070,262
Colombia,2021,1235,2145,760,12365,2235,11800,15270,15270,-90
Colombia,2022,760,2200,845,10700,2285,10700,13745,13745,-85
Colombia,2023,845,2230,620,12000,2505,11500,14850,14850,-275
Congo (Brazzaville),2013,0,0,0,0,0,0,0,0,0
Congo (Brazzaville),2014,0,0,0,0,0,0,0,0,0
Congo (Brazzaville),2015,0,0,0,0,0,0,0,0,0
Congo (Brazzaville),2016,0,0,0,0,0,0,0,0,0
Congo (Brazzaville),2017,0,0,0,0,0,0,0,0,0
Congo (Brazzaville),2018,0,0,0,0,0,0,0,0,0
Congo (Brazzaville),2019,0,0,0,0,0,0,0,0,0
Congo (Brazzaville),2020,0,0,0,0,0,0,0,0,0
Congo (Brazzaville),2021,0,0,0,0,0,0,0,0,0
Congo (Brazzaville),2022,0,0,0,0,0,0,0,0,0
Congo (Brazzaville),2023,0,0,0,0,0,0,0,0,0
Congo (Kinshasa),2013,10,170,10,70,0,240,250,250,170
Congo (Kinshasa),2014,10,145,10,75,0,220,230,230,145
Congo (Kinshasa),2015,10,155,5,70,0,220,230,230,155
Congo (Kinshasa),2016,5,150,5,80,0,230,235,235,150
Congo (Kinshasa),2017,5,160,0,95,0,250,255,255,160
Congo (Kinshasa),2018,0,130,0,115,0,245,245,245,130
Congo (Kinshasa),2019,0,130,0,125,0,255,255,255,130
Congo (Kinshasa),2020,0,130,0,120,0,250,250,250,130
Congo (Kinshasa),2021,0,120,0,150,0,270,270,270,120
Congo (Kinshasa),2022,0,125,0,140,0,265,265,265,125
Congo (Kinshasa),2023,0,125,0,150,0,275,275,275,125
Costa Rica,2013,190,455,130,1265,210,1450,1850,1850,245
Costa Rica,2014,130,397,114,1180,161,1400,1691,1691,236
Costa Rica,2015,114,385,316,1220,182,1625,1921,1921,203
Costa Rica,2016,316,390,226,1120,120,1300,1736,1736,270
Costa Rica,2017,226,377,256,1210,92,1525,1843,1843,285
Costa Rica,2018,256,430,226,1080,230,1250,1736,1736,200
Costa Rica,2019,226,463,299,1140,210,1466,1902,1902,253
Costa Rica,2020,299,485,281,1165,160,1472,1931,1931,325
Costa Rica,2021,281,365,241,1110,220,1215,1716,1716,145
Costa Rica,2022,241,390,481,1035,240,1425,1906,1906,150
Costa Rica,2023,481,395,486,1210,170,1440,2091,2091,225
Cote d'Ivoire,2013,50,100,55,1570,0,1675,1725,1725,100
Cote d'Ivoire,2014,55,75,30,1350,0,1400,1455,1455,75
Cote d'Ivoire,2015,30,75,15,1540,0,1600,1630,1630,75
Cote d'Ivoire,2016,15,100,15,990,0,1090,1105,1105,100
Cote d'Ivoire,2017,15,80,15,1170,0,1250,1265,1265,80
Cote d'Ivoire,2018,15,35,15,1965,0,2000,2015,2015,35
Cote d'Ivoire,2019,15,65,10,1715,0,1775,1790,1790,65
Cote d'Ivoire,2020,10,50,5,865,0,910,920,920,50
Cote d'Ivoire,2021,5,50,5,1060,0,1110,1115,1115,50
Cote d'Ivoire,2022,5,50,5,1000,0,1050,1055,1055,50
Cote d'Ivoire,2023,5,50,5,1300,0,1350,1355,1355,50
Croatia,2013,0,0,0,0,0,0,0,0,0
Croatia,2014,0,0,0,0,0,0,0,0,0
Croatia,2015,0,0,0,0,0,0,0,0,0
Croatia,2016,0,0,0,0,0,0,0,0,0
Croatia,2017,0,0,0,0,0,0,0,0,0
Croatia,2018,0,0,0,0,0,0,0,0,0
Croatia,2019,0,0,0,0,0,0,0,0,0
Croatia,2020,0,0,0,0,0,0,0,0,0
Croatia,2021,0,0,0,0,0,0,0,0,0
Croatia,2022,0,0,0,0,0,0,0,0,0
Croatia,2023,0,0,0,0,0,0,0,0,0
Cuba,2013,0,136,0,14,0,150,150,150,136
Cuba,2014,0,139,0,11,0,150,150,150,139
Cuba,2015,0,131,0,19,0,150,150,150,131
Cuba,2016,0,135,0,15,0,150,150,150,135
Cuba,2017,0,86,0,14,0,100,100,100,86
Cuba,2018,0,87,0,23,0,110,110,110,87
Cuba,2019,0,80,0,10,0,90,90,90,80
Cuba,2020,0,85,0,15,0,100,100,100,85
Cuba,2021,0,80,0,20,0,100,100,100,80
Cuba,2022,0,83,0,17,0,100,100,100,83
Cuba,2023,0,80,0,20,0,100,100,100,80
Dominican Republic,2013,0,252,0,23,0,275,275,275,252
Dominican Republic,2014,0,208,0,17,0,225,225,225,208
Dominican Republic,2015,0,210,0,15,0,225,225,225,210
Dominican Republic,2016,0,212,0,13,0,225,225,225,212
Dominican Republic,2017,0,112,0,13,0,125,125,125,112
Dominican Republic,2018,0,113,0,12,0,125,125,125,113
Dominican Republic,2019,0,110,0,10,0,120,120,120,110
Dominican Republic,2020,0,110,0,10,0,120,120,120,110
Dominican Republic,2021,0,113,0,12,0,125,125,125,113
Dominican Republic,2022,0,110,0,15,0,125,125,125,110
Dominican Republic,2023,0,110,0,15,0,125,125,125,110
Ecuador,2013,309,265,410,979,1125,220,1654,1654,-860
Ecuador,2014,410,265,400,890,890,255,1555,1555,-625
Ecuador,2015,400,265,210,845,695,225,1320,1320,-430
Ecuador,2016,210,217,237,574,648,170,1028,1028,-431
Ecuador,2017,237,232,213,705,708,205,1150,1150,-476
Ecuador,2018,213,240,198,486,456,255,924,924,-216
Ecuador,2019,198,313,210,391,441,275,914,914,-128
Ecuador,2020,210,229,166,511,441,255,906,906,-212
Ecuador,2021,166,205,158,484,421,260,847,847,-216
Ecuador,2022,158,313,98,542,441,354,953,953,-128
Ecuador,2023,98,343,100,451,426,370,894,894,-83
Egypt,2013,0,430,0,0,430,0,430,430,0
Egypt,2014,0,480,0,0,480,0,480,480,0
Egypt,2015,0,525,0,0,525,0,525,525,0
Egypt,2016,0,630,0,0,630,0,630,630,0
Egypt,2017,0,800,0,0,800,0,800,800,0
Egypt,2018,0,825,0,0,825,0,825,825,0
Egypt,2019,0,750,0,0,750,0,750,750,0
Egypt,2020,0,400,0,0,400,0,400,400,0
Egypt,2021,0,250,0,0,250,0,250,250,0
Egypt,2022,0,350,0,0,350,0,350,350,0
Egypt,2023,0,300,0,0,300,0,300,300,0
El Salvador,2013,18,255,13,500,200,550,768,768,55
El Salvador,2014,13,275,18,600,180,700,893,893,95
El Salvador,2015,18,275,13,490,200,560,778,778,75
El Salvador,2016,13,265,28,520,200,600,813,813,65
El Salvador,2017,28,285,28,590,215,660,903,903,70
El Salvador,2018,28,252,41,615,226,654,908,908,26
El Salvador,2019,41,270,9,555,283,510,834,834,-13
El Salvador,2020,9,230,21,542,244,540,793,793,-14
El Salvador,2021,21,225,14,611,229,600,850,850,-4
El Salvador,2022,14,287,10,497,230,550,794,794,57
El Salvador,2023,10,290,10,610,230,670,910,910,60
Equatorial Guinea,2013,0,0,0,0,0,0,0,0,0
Equatorial Guinea,2014,0,0,0,0,0,0,0,0,0
Equatorial Guinea,2015,0,0,0,0,0,0,0,0,0
Equatorial Guinea,2016,0,0,0,0,0,0,0,0,0
Equatorial Guinea,2017,0,0,0,0,0,0,0,0,0
Equatorial Guinea,2018,0,0,0,0,0,0,0,0,0
Equatorial Guinea,2019,0,0,0,0,0,0,0,0,0
Equatorial Guinea,2020,0,0,0,0,0,0,0,0,0
Equatorial Guinea,2021,0,0,0,0,0,0,0,0,0
Equatorial Guinea,2022,0,0,0,0,0,0,0,0,0
Equatorial Guinea,2023,0,0,0,0,0,0,0,0,0
Ethiopia,2013,100,3120,40,3285,0,6345,6445,6445,3120
Ethiopia,2014,40,2985,30,3500,0,6475,6515,6515,2985
Ethiopia,2015,30,3110,25,3405,0,6510,6540,6540,3110
Ethiopia,2016,25,3100,15,3853,0,6943,6968,6968,3100
Ethiopia,2017,15,3150,27,3893,0,7055,7070,7070,3150
Ethiopia,2018,27,3193,10,4174,0,7350,7377,7377,3193
Ethiopia,2019,10,3140,210,4135,0,7475,7485,7485,3140
Ethiopia,2020,210,3000,135,4675,0,7600,7810,7810,3000
Ethiopia,2021,135,3364,90,4831,0,8150,8285,8285,3364
Ethiopia,2022,90,3430,50,3910,0,7300,7390,7390,3430
Ethiopia,2023,50,3500,80,4820,0,8350,8400,8400,3500
European Union,2013,10845,41475,12400,1620,44650,0,55495,55495,-3175
European Union,2014,12400,43870,12225,1445,45140,0,57540,57540,-1270
European Union,2015,12225,44095,12100,2180,46150,0,58375,58375,-2055
European Union,2016,12100,39045,13900,2580,43425,0,55525,55525,-4380
European Union,2017,13900,42065,13500,2845,44510,0,58410,58410,-2445
European Union,2018,13500,42092,14332,2966,45890,0,59390,59390,-3798
European Union,2019,14332,40264,15038,3490,44460,0,58792,58792,-4196
European Union,2020,15038,41271,13767,3875,43875,0,58913,58913,-2604
European Union,2021,13767,41867,14000,4500,46600,0,60367,60367,-4733
European Union,2022,14000,44462,9313,4695,44470,0,58470,58470,-8
European Union,2023,9313,43125,9088,4100,47000,0,56313,56313,-3875
Gabon,2013,0,0,0,0,0,0,0,0,0
Gabon,2014,0,0,0,0,0,0,0,0,0
Gabon,2015,0,0,0,0,0,0,0,0,0
Gabon,2016,0,0,0,0,0,0,0,0,0
Gabon,2017,0,0,0,0,0,0,0,0,0
Gabon,2018,0,0,0,0,0,0,0,0,0
Gabon,2019,0,0,0,0,0,0,0,0,0
Gabon,2020,0,0,0,0,0,0,0,0,0
Gabon,2021,0,0,0,0,0,0,0,0,0
Gabon,2022,0,0,0,0,0,0,0,0,0
Gabon,2023,0,0,0,0,0,0,0,0,0
Georgia,2013,0,75,0,0,75,0,75,75,0
Georgia,2014,0,75,0,0,75,0,75,75,0
Georgia,2015,0,75,0,0,75,0,75,75,0
Georgia,2016,0,80,0,0,80,0,80,80,0
Georgia,2017,0,80,0,0,80,0,80,80,0
Georgia,2018,0,90,0,0,90,0,90,90,0
Georgia,2019,0,80,0,0,80,0,80,80,0
Georgia,2020,0,85,0,0,85,0,85,85,0
Georgia,2021,0,95,0,0,95,0,95,95,0
Georgia,2022,0,95,0,0,95,0,95,95,0
Georgia,2023,0,90,0,0,90,0,90,90,0
Ghana,2013,6,1,5,6,0,6,12,12,1
Ghana,2014,5,2,5,2,0,4,9,9,2
Ghana,2015,5,2,4,0,0,1,6,6,2
Ghana,2016,4,3,2,0,0,1,5,5,3
Ghana,2017,2,3,0,0,0,1,3,3,3
Ghana,2018,0,0,0,0,0,0,0,0,0
Ghana,2019,0,0,0,0,0,0,0,0,0
Ghana,2020,0,0,0,0,0,0,0,0,0
Ghana,2021,0,0,0,0,0,0,0,0,0
Ghana,2022,0,0,0,0,0,0,0,0,0
Ghana,2023,0,0,0,0,0,0,0,0,0
Guatemala,2013,212,552,215,3175,215,3515,3942,3942,337
Guatemala,2014,215,500,15,3070,185,3185,3585,3585,315
Guatemala,2015,15,430,26,3044,190,3295,3500,3500,240
Guatemala,2016,26,455,36,3330,225,3570,3821,3821,230
Guatemala,2017,36,485,106,3465,240,3780,4056,4056,245
Guatemala,2018,106,495,26,3604,249,3770,4125,4125,246
Guatemala,2019,26,635,120,3220,304,3645,3975,3975,331
Guatemala,2020,120,605,111,3691,357,3930,4407,4407,248
Guatemala,2021,111,625,21,3354,349,3540,4000,4000,276
Guatemala,2022,21,625,12,3004,350,3270,3641,3641,275
Guatemala,2023,12,625,13,3169,360,3435,3807,3807,265
Guinea,2013,9,25,9,25,0,50,59,59,25
Guinea,2014,9,20,9,130,0,150,159,159,20
Guinea,2015,9,20,9,260,0,280,289,289,20
Guinea,2016,9,19,10,180,0,200,209,209,19
Guinea,2017,10,20,20,160,0,190,200,200,20
Guinea,2018,20,15,5,70,0,70,90,90,15
Guinea,2019,5,20,5,125,0,145,150,150,20
Guinea,2020,5,10,5,60,0,70,75,75,10
Guinea,2021,5,15,5,250,0,265,270,270,15
Guinea,2022,5,15,5,125,0,140,145,145,15
Guinea,2023,5,15,5,185,0,200,205,205,15
Guyana,2013,0,0,0,0,0,0,0,0,0
Guyana,2014,0,0,0,0,0,0,0,0,0
Guyana,2015,0,0,0,0,0,0,0,0,0
Guyana,2016,0,0,0,0,0,0,0,0,0
Guyana,2017,0,0,0,0,0,0,0,0,0
Guyana,2018,0,0,0,0,0,0,0,0,0
Guyana,2019,0,0,0,0,0,0,0,0,0
Guyana,2020,0,0,0,0,0,0,0,0,0
Guyana,2021,0,0,0,0,0,0,0,0,0
Guyana,2022,0,0,0,0,0,0,0,0,0
Guyana,2023,0,0,0,0,0,0,0,0,0
Haiti,2013,15,320,15,5,0,325,340,340,320
Haiti,2014,15,323,15,2,0,325,340,340,323
Haiti,2015,15,15,0,0,0,0,15,15,15
Haiti,2016,0,0,0,0,0,0,0,0,0
Haiti,2017,0,0,0,0,0,0,0,0,0
Haiti,2018,0,0,0,0,0,0,0,0,0
Haiti,2019,0,0,0,0,0,0,0,0,0
Haiti,2020,0,0,0,0,0,0,0,0,0
Haiti,2021,0,0,0,0,0,0,0,0,0
Haiti,2022,0,0,0,0,0,0,0,0,0
Haiti,2023,0,0,0,0,0,0,0,0,0
Honduras,2013,140,315,300,3940,15,4400,4555,4555,300
Honduras,2014,300,320,340,4760,20,5100,5420,5420,300
Honduras,2015,340,345,315,5000,20,5300,5660,5660,325
Honduras,2016,315,375,300,7175,25,7510,7850,7850,350
Honduras,2017,300,375,325,7225,25,7600,7925,7925,350
Honduras,2018,325,365,162,6910,12,7100,7437,7437,353
Honduras,2019,162,366,124,4900,28,5200,5390,5390,338
Honduras,2020,124,369,269,6010,24,6500,6648,6648,345
Honduras,2021,269,373,67,4650,21,4800,5090,5090,352
Honduras,2022,67,327,112,5350,22,5700,5789,5789,305
Honduras,2023,112,385,52,6200,25,6500,6637,6637,360
India,2013,1982,1170,2026,5013,1152,5075,8209,8209,18
India,2014,2026,1191,2586,4894,1205,5440,8671,8671,-14
India,2015,2586,1250,2645,5693,1202,5800,9588,9588,48
India,2016,2645,1200,1873,6158,1386,5200,9231,9231,-186
India,2017,1873,1215,1248,6148,1472,5266,8611,8611,-257
India,2018,1248,1250,931,5778,1386,5325,7959,7959,-136
India,2019,931,1170,973,5185,1430,4967,7328,7328,-260
India,2020,973,1180,911,5794,1345,5567,7885,7885,-165
India,2021,911,875,168,7258,1690,5700,8301,8301,-815
India,2022,168,1240,179,6306,1690,5867,7725,7725,-450
India,2023,179,1270,73,6336,1550,5950,7679,7679,-280
Indonesia,2013,98,2540,48,10380,970,11900,12968,12968,1570
Indonesia,2014,48,2900,53,8720,1155,10470,11673,11673,1745
Indonesia,2015,53,3175,46,9896,964,12100,13117,13117,2211
Indonesia,2016,46,3203,12,8174,743,10600,11389,11389,2460
Indonesia,2017,12,3560,593,8010,1751,10400,12163,12163,1809
Indonesia,2018,593,4300,2419,6150,1676,10600,12869,12869,2624
Indonesia,2019,2419,4900,2298,7152,1231,10700,14350,14350,3669
Indonesia,2020,2298,4450,1669,7872,993,10700,13991,13991,3457
Indonesia,2021,1669,4750,1056,7428,985,10580,13234,13234,3765
Indonesia,2022,1056,4770,691,8792,1347,11850,14253,14253,3423
Indonesia,2023,691,4790,1271,6050,1720,9700,12111,12111,3070
Iran,2013,0,190,0,0,190,0,190,190,0
Iran,2014,0,145,0,0,145,0,145,145,0
Iran,2015,0,295,0,0,295,0,295,295,0
Iran,2016,0,405,0,0,405,0,405,405,0
Iran,2017,0,710,0,0,710,0,710,710,0
Iran,2018,0,515,0,0,515,0,515,515,0
Iran,2019,0,305,0,0,305,0,305,305,0
Iran,2020,0,425,0,0,425,0,425,425,0
Iran,2021,0,635,0,0,635,0,635,635,0
Iran,2022,0,770,0,0,770,0,770,770,0
Iran,2023,0,800,0,0,800,0,800,800,0
Jamaica,2013,0,5,0,26,0,31,31,31,5
Jamaica,2014,0,5,0,22,0,27,27,27,5
Jamaica,2015,0,5,0,22,0,27,27,27,5
Jamaica,2016,0,5,0,11,0,16,16,16,5
Jamaica,2017,0,5,0,11,0,16,16,16,5
Jamaica,2018,0,5,0,10,0,15,15,15,5
Jamaica,2019,0,5,0,11,0,16,16,16,5
Jamaica,2020,0,4,0,11,0,15,15,15,4
Jamaica,2021,0,4,0,11,0,15,15,15,4
Jamaica,2022,0,5,0,10,0,15,15,15,5
Jamaica,2023,0,5,0,10,0,15,15,15,5
Japan,2013,2980,7750,3100,0,7870,0,10850,10850,-120
Japan,2014,3100,7860,3350,0,8110,0,11210,11210,-250
Japan,2015,3350,8060,3485,0,8195,0,11545,11545,-135
Japan,2016,3485,8210,3305,0,8030,0,11515,11515,180
Japan,2017,3305,8231,2794,0,7720,0,11025,11025,511
Japan,2018,2794,7897,3217,0,8320,0,11114,11114,-423
Japan,2019,3217,7610,2897,0,7290,0,10507,10507,320
Japan,2020,2897,7354,2693,0,7150,0,10047,10047,204
Japan,2021,2693,7210,2898,0,7415,0,10108,10108,-205
Japan,2022,2898,6886,2517,0,6505,0,9403,9403,381
Japan,2023,2517,7317,2000,0,6800,0,9317,9317,517
Jordan,2013,0,550,0,0,550,0,550,550,0
Jordan,2014,0,470,0,0,470,0,470,470,0
Jordan,2015,0,580,0,0,580,0,580,580,0
Jordan,2016,0,625,0,0,625,0,625,625,0
Jordan,2017,0,775,0,0,775,0,775,775,0
Jordan,2018,0,835,0,0,835,0,835,835,0
Jordan,2019,0,770,0,0,770,0,770,770,0
Jordan,2020,0,845,0,0,845,0,845,845,0
Jordan,2021,0,730,0,0,730,0,730,730,0
Jordan,2022,0,665,0,0,665,0,665,665,0
Jordan,2023,0,650,0,0,650,0,650,650,0
Kazakhstan,2013,0,165,0,0,165,0,165,165,0
Kazakhstan,2014,0,125,0,0,125,0,125,125,0
Kazakhstan,2015,0,130,0,0,130,0,130,130,0
Kazakhstan,2016,0,100,0,0,100,0,100,100,0
Kazakhstan,2017,0,180,0,0,180,0,180,180,0
Kazakhstan,2018,0,150,0,0,150,0,150,150,0
Kazakhstan,2019,0,225,0,0,225,0,225,225,0
Kazakhstan,2020,0,210,0,0,210,0,210,210,0
Kazakhstan,2021,0,325,0,0,325,0,325,325,0
Kazakhstan,2022,0,500,0,0,500,0,500,500,0
Kazakhstan,2023,0,350,0,0,350,0,350,350,0
Kenya,2013,155,30,200,800,25,850,1030,1030,5
Kenya,2014,200,31,225,730,6,780,986,986,25
Kenya,2015,225,37,194,751,7,750,982,982,30
Kenya,2016,194,46,244,765,11,850,1055,1055,35
Kenya,2017,244,44,234,695,9,720,973,973,35
Kenya,2018,234,55,217,827,15,850,1099,1099,40
Kenya,2019,217,36,205,737,11,750,978,978,25
Kenya,2020,205,81,173,655,11,693,909,909,70
Kenya,2021,173,48,227,771,13,860,1046,1046,35
Kenya,2022,227,47,64,881,15,750,992,992,32
Kenya,2023,64,55,67,760,18,800,882,882,37
"Korea, South",2013,0,2160,0,0,2160,0,2160,2160,0
"Korea, South",2014,0,2305,0,0,2305,0,2305,2305,0
"Korea, South",2015,0,2465,0,0,2465,0,2465,2465,0
"Korea, South",2016,0,2725,0,0,2725,0,2725,2725,0
"Korea, South",2017,0,2645,0,0,2645,0,2645,2645,0
"Korea, South",2018,0,2770,0,0,2770,0,2770,2770,0
"Korea, South",2019,0,2980,0,0,2980,0,2980,2980,0
"Korea, South",2020,0,2995,0,0,2995,0,2995,2995,0
"Korea, South",2021,0,3405,0,0,3405,0,3405,3405,0
"Korea, South",2022,0,3175,0,0,3175,0,3175,3175,0
"Korea, South",2023,0,3200,0,0,3200,0,3200,3200,0
Kosovo,2013,0,135,0,0,135,0,135,135,0
Kosovo,2014,0,105,0,0,105,0,105,105,0
Kosovo,2015,0,120,0,0,120,0,120,120,0
Kosovo,2016,0,115,0,0,115,0,115,115,0
Kosovo,2017,0,110,0,0,110,0,110,110,0
Kosovo,2018,0,95,0,0,95,0,95,95,0
Kosovo,2019,0,90,0,0,90,0,90,90,0
Kosovo,2020,0,70,0,0,70,0,70,70,0
Kosovo,2021,0,65,0,0,65,0,65,65,0
Kosovo,2022,0,60,0,0,60,0,60,60,0
Kosovo,2023,0,50,0,0,50,0,50,50,0
Laos,2013,0,110,0,365,0,475,475,475,110
Laos,2014,0,100,0,375,0,475,475,475,100
Laos,2015,0,100,0,375,0,475,475,475,100
Laos,2016,0,100,0,310,0,410,410,410,100
Laos,2017,0,100,0,350,0,450,450,450,100
Laos,2018,0,95,0,280,0,375,375,375,95
Laos,2019,0,100,0,340,0,440,440,440,100
Laos,2020,0,85,0,400,0,485,485,485,85
Laos,2021,0,85,0,300,0,385,385,385,85
Laos,2022,0,85,0,350,0,435,435,435,85
Laos,2023,0,80,0,370,0,450,450,450,80
Liberia,2013,0,0,0,1,0,1,1,1,0
Liberia,2014,0,0,0,3,0,3,3,3,0
Liberia,2015,0,0,0,0,0,0,0,0,0
Liberia,2016,0,0,0,0,0,0,0,0,0
Liberia,2017,0,0,0,0,0,0,0,0,0
Liberia,2018,0,0,0,0,0,0,0,0,0
Liberia,2019,0,0,0,0,0,0,0,0,0
Liberia,2020,0,0,0,0,0,0,0,0,0
Liberia,2021,0,0,0,0,0,0,0,0,0
Liberia,2022,0,0,0,0,0,0,0,0,0
Liberia,2023,0,0,0,0,0,0,0,0,0
Madagascar,2013,7,392,0,165,0,550,557,557,392
Madagascar,2014,0,390,0,110,0,500,500,500,390
Madagascar,2015,0,208,0,47,0,255,255,255,208
Madagascar,2016,0,215,0,80,0,295,295,295,215
Madagascar,2017,0,225,0,25,0,250,250,250,225
Madagascar,2018,0,275,0,5,0,280,280,280,275
Madagascar,2019,0,300,0,25,0,325,325,325,300
Madagascar,2020,0,290,0,35,0,325,325,325,290
Madagascar,2021,0,285,0,15,0,300,300,300,285
Madagascar,2022,0,315,0,10,0,325,325,325,315
Madagascar,2023,0,290,0,10,0,300,300,300,290
Malawi,2013,0,1,0,24,0,25,25,25,1
Malawi,2014,0,1,0,20,0,21,21,21,1
Malawi,2015,0,1,0,22,0,23,23,23,1
Malawi,2016,0,1,0,15,0,16,16,16,1
Malawi,2017,0,1,0,11,0,12,12,12,1
Malawi,2018,0,1,0,10,0,11,11,11,1
Malawi,2019,0,1,0,9,0,10,10,10,1
Malawi,2020,0,1,0,9,0,10,10,10,1
Malawi,2021,0,1,0,10,0,11,11,11,1
Malawi,2022,0,1,0,10,0,11,11,11,1
Malawi,2023,0,1,0,9,0,10,10,10,1
Malaysia,2013,0,660,0,2110,1270,1500,2770,2770,-610
Malaysia,2014,0,665,0,2775,1340,2100,3440,3440,-675
Malaysia,2015,0,665,0,2975,1440,2200,3640,3640,-775
Malaysia,2016,0,670,0,2940,1510,2100,3610,3610,-840
Malaysia,2017,0,600,0,3075,1575,2100,3675,3675,-975
Malaysia,2018,0,850,0,3125,1875,2100,3975,3975,-1025
Malaysia,2019,0,635,0,3000,1735,1900,3635,3635,-1100
Malaysia,2020,0,800,0,2780,1580,2000,3580,3580,-780
Malaysia,2021,0,750,0,2975,1725,2000,3725,3725,-975
Malaysia,2022,0,675,0,2500,1175,2000,3175,3175,-500
Malaysia,2023,0,650,0,2300,1450,1500,2950,2950,-800
Mexico,2013,61,2731,169,2725,1614,3950,5625,5625,1117
Mexico,2014,169,2339,125,2560,1675,3180,5024,5024,664
Mexico,2015,125,2325,210,2340,2450,2300,4875,4875,-125
Mexico,2016,210,2057,153,2865,1565,3300,5075,5075,492
Mexico,2017,153,2295,183,3220,1545,4000,5698,5698,750
Mexico,2018,183,2580,25,2896,1768,3550,5501,5501,812
Mexico,2019,25,2620,99,2986,1980,3700,5705,5705,640
Mexico,2020,99,2589,17,3007,1984,3530,5613,5613,605
Mexico,2021,17,2850,99,2933,2125,3740,5882,5882,725
Mexico,2022,99,3000,96,2530,1982,3545,5626,5626,1018
Mexico,2023,96,2985,76,3025,1900,4090,6086,6086,1085
Montenegro,2013,0,60,0,0,60,0,60,60,0
Montenegro,2014,0,50,0,0,50,0,50,50,0
Montenegro,2015,0,45,0,0,45,0,45,45,0
Montenegro,2016,0,45,0,0,45,0,45,45,0
Montenegro,2017,0,40,0,0,40,0,40,40,0
Montenegro,2018,0,50,0,0,50,0,50,50,0
Montenegro,2019,0,35,0,0,35,0,35,35,0
Montenegro,2020,0,40,0,0,40,0,40,40,0
Montenegro,2021,0,40,0,0,40,0,40,40,0
Montenegro,2022,0,40,0,0,40,0,40,40,0
Montenegro,2023,0,35,0,0,35,0,35,35,0
Morocco,2013,0,620,0,0,620,0,620,620,0
Morocco,2014,0,635,0,0,635,0,635,635,0
Morocco,2015,0,670,0,0,670,0,670,670,0
Morocco,2016,0,660,0,0,660,0,660,660,0
Morocco,2017,0,825,0,0,825,0,825,825,0
Morocco,2018,0,845,0,0,845,0,845,845,0
Morocco,2019,0,710,0,0,710,0,710,710,0
Morocco,2020,0,880,0,0,880,0,880,880,0
Morocco,2021,0,990,0,0,990,0,990,990,0
Morocco,2022,0,830,0,0,830,0,830,830,0
Morocco,2023,0,930,0,0,930,0,930,930,0
New Caledonia,2013,0,0,0,0,0,0,0,0,0
New Caledonia,2014,0,0,0,0,0,0,0,0,0
New Caledonia,2015,0,0,0,0,0,0,0,0,0
New Caledonia,2016,0,0,0,0,0,0,0,0,0
New Caledonia,2017,0,0,0,0,0,0,0,0,0
New Caledonia,2018,0,0,0,0,0,0,0,0,0
New Caledonia,2019,0,0,0,0,0,0,0,0,0
New Caledonia,2020,0,0,0,0,0,0,0,0,0
New Caledonia,2021,0,0,0,0,0,0,0,0,0
New Caledonia,2022,0,0,0,0,0,0,0,0,0
New Caledonia,2023,0,0,0,0,0,0,0,0,0
New Zealand,2013,0,305,0,0,305,0,305,305,0
New Zealand,2014,0,330,0,0,330,0,330,330,0
New Zealand,2015,0,358,0,0,358,0,358,358,0
New Zealand,2016,0,405,0,0,405,0,405,405,0
New Zealand,2017,0,425,0,0,425,0,425,425,0
New Zealand,2018,0,435,0,0,435,0,435,435,0
New Zealand,2019,0,450,0,0,450,0,450,450,0
New Zealand,2020,0,525,0,0,525,0,525,525,0
New Zealand,2021,0,515,0,0,515,0,515,515,0
New Zealand,2022,0,515,0,0,515,0,515,515,0
New Zealand,2023,0,560,0,0,560,0,560,560,0
Nicaragua,2013,17,100,22,1920,25,2000,2042,2042,75
Nicaragua,2014,22,150,102,1925,30,2125,2177,2177,120
Nicaragua,2015,102,160,37,2060,30,2125,2257,2257,130
Nicaragua,2016,37,180,72,2450,40,2625,2702,2702,140
Nicaragua,2017,72,170,142,2515,25,2730,2827,2827,145
Nicaragua,2018,142,180,147,2790,25,2950,3117,3117,155
Nicaragua,2019,147,150,37,2740,25,2755,2927,2927,125
Nicaragua,2020,37,175,37,2500,25,2650,2712,2712,150
Nicaragua,2021,37,165,77,2720,25,2900,2962,2962,140
Nicaragua,2022,77,155,127,2480,25,2660,2762,2762,130
Nicaragua,2023,127,155,77,2580,25,2660,2812,2812,130
Nigeria,2013,0,19,0,1,0,20,20,20,19
Nigeria,2014,0,17,0,3,0,20,20,20,17
Nigeria,2015,0,19,0,1,0,20,20,20,19
Nigeria,2016,0,8,0,2,0,10,10,10,8
Nigeria,2017,0,3,0,2,0,5,5,5,3
Nigeria,2018,0,0,0,0,0,0,0,0,0
Nigeria,2019,0,0,0,0,0,0,0,0,0
Nigeria,2020,0,0,0,0,0,0,0,0,0
Nigeria,2021,0,0,0,0,0,0,0,0,0
Nigeria,2022,0,0,0,0,0,0,0,0,0
Nigeria,2023,0,0,0,0,0,0,0,0,0
North Macedonia,2013,0,110,0,0,110,0,110,110,0
North Macedonia,2014,0,100,0,0,100,0,100,100,0
North Macedonia,2015,0,105,0,0,105,0,105,105,0
North Macedonia,2016,0,105,0,0,105,0,105,105,0
North Macedonia,2017,0,100,0,0,100,0,100,100,0
North Macedonia,2018,0,105,0,0,105,0,105,105,0
North Macedonia,2019,0,100,0,0,100,0,100,100,0
North Macedonia,2020,0,90,0,0,90,0,90,90,0
North Macedonia,2021,0,77,0,0,77,0,77,77,0
North Macedonia,2022,0,85,0,0,85,0,85,85,0
North Macedonia,2023,0,85,0,0,85,0,85,85,0
Norway,2013,0,775,0,0,775,0,775,775,0
Norway,2014,0,775,0,0,775,0,775,775,0
Norway,2015,0,785,0,0,785,0,785,785,0
Norway,2016,0,805,0,0,805,0,805,805,0
Norway,2017,0,740,0,0,740,0,740,740,0
Norway,2018,0,800,0,0,800,0,800,800,0
Norway,2019,0,795,0,0,795,0,795,795,0
Norway,2020,0,815,0,0,815,0,815,815,0
Norway,2021,0,750,0,0,750,0,750,750,0
Norway,2022,0,725,0,0,725,0,725,725,0
Norway,2023,0,790,0,0,790,0,790,790,0
Panama,2013,0,77,0,53,35,95,130,130,42
Panama,2014,0,103,0,57,40,120,160,160,63
Panama,2015,0,75,0,60,50,85,135,135,25
Panama,2016,0,83,0,57,45,95,140,140,38
Panama,2017,0,99,0,36,60,75,135,135,39
Panama,2018,0,87,0,43,55,75,130,130,32
Panama,2019,0,67,0,48,40,75,115,115,27
Panama,2020,0,97,0,33,55,75,130,130,42
Panama,2021,0,110,0,35,70,75,145,145,40
Panama,2022,0,127,0,33,75,85,160,160,52
Panama,2023,0,124,0,36,85,75,160,160,39
Papua New Guinea,2013,36,40,36,815,0,855,891,891,40
Papua New Guinea,2014,36,55,36,755,0,810,846,846,55
Papua New Guinea,2015,36,60,36,690,0,750,786,786,60
Papua New Guinea,2016,36,50,36,1065,0,1115,1151,1151,50
Papua New Guinea,2017,36,50,36,760,0,810,846,846,50
Papua New Guinea,2018,36,50,36,915,0,965,1001,1001,50
Papua New Guinea,2019,36,51,35,775,0,825,861,861,51
Papua New Guinea,2020,35,50,35,650,0,700,735,735,50
Papua New Guinea,2021,35,55,35,720,0,775,810,810,55
Papua New Guinea,2022,35,50,35,825,0,875,910,910,50
Papua New Guinea,2023,35,50,35,850,0,900,935,935,50
Paraguay,2013,0,0,0,0,0,0,0,0,0
Paraguay,2014,0,0,0,0,0,0,0,0,0
Paraguay,2015,0,0,0,0,0,0,0,0,0
Paraguay,2016,0,0,0,0,0,0,0,0,0
Paraguay,2017,0,0,0,0,0,0,0,0,0
Paraguay,2018,0,0,0,0,0,0,0,0,0
Paraguay,2019,0,0,0,0,0,0,0,0,0
Paraguay,2020,0,0,0,0,0,0,0,0,0
Paraguay,2021,0,0,0,0,0,0,0,0,0
Paraguay,2022,0,0,0,0,0,0,0,0,0
Paraguay,2023,0,0,0,0,0,0,0,0,0
Peru,2013,44,170,24,4100,0,4250,4294,4294,170
Peru,2014,24,170,4,2750,0,2900,2924,2924,170
Peru,2015,4,160,44,3300,0,3500,3504,3504,160
Peru,2016,44,169,75,4025,0,4225,4269,4269,169
Peru,2017,75,180,85,4185,0,4375,4450,4450,180
Peru,2018,85,170,12,4293,0,4390,4475,4475,170
Peru,2019,12,210,126,3720,119,3925,4056,4056,91
Peru,2020,126,222,85,3326,138,3369,3633,3633,84
Peru,2021,85,245,95,4065,120,4200,4405,4405,125
Peru,2022,95,195,90,3300,90,3400,3585,3585,105
Peru,2023,90,230,90,4060,90,4200,4380,4380,140
Philippines,2013,95,3590,100,0,3145,450,3690,3690,445
Philippines,2014,100,4230,100,0,3755,475,4330,4330,475
Philippines,2015,100,6210,500,0,6185,425,6710,6710,25
Philippines,2016,500,6995,400,0,6420,475,7395,7395,575
Philippines,2017,400,6550,400,0,6100,450,6950,6950,450
Philippines,2018,400,6125,800,0,6100,425,6925,6925,25
Philippines,2019,800,6120,800,0,5670,450,6920,6920,450
Philippines,2020,800,6585,800,0,6160,425,7385,7385,425
Philippines,2021,800,7190,600,0,6540,450,7790,7790,650
Philippines,2022,600,7075,500,0,6500,475,7575,7575,575
Philippines,2023,500,6950,300,0,6300,450,7250,7250,650
Russia,2013,0,4230,0,0,4230,0,4230,4230,0
Russia,2014,0,4050,0,0,4050,0,4050,4050,0
Russia,2015,0,4395,0,0,4395,0,4395,4395,0
Russia,2016,0,4740,0,0,4740,0,4740,4740,0
Russia,2017,0,4465,0,0,4465,0,4465,4465,0
Russia,2018,0,4945,0,0,4945,0,4945,4945,0
Russia,2019,0,4625,0,0,4625,0,4625,4625,0
Russia,2020,0,4165,0,0,4165,0,4165,4165,0
Russia,2021,0,4055,0,0,4055,0,4055,4055,0
Russia,2022,0,4250,0,0,4250,0,4250,4250,0
Russia,2023,0,4250,0,0,4250,0,4250,4250,0
Rwanda,2013,0,0,0,250,0,250,250,250,0
Rwanda,2014,0,0,0,240,0,240,240,240,0
Rwanda,2015,0,0,0,300,0,300,300,300,0
Rwanda,2016,0,0,0,230,0,230,230,230,0
Rwanda,2017,0,0,0,275,0,275,275,275,0
Rwanda,2018,0,0,0,275,0,275,275,275,0
Rwanda,2019,0,0,0,350,0,350,350,350,0
Rwanda,2020,0,0,0,300,0,300,300,300,0
Rwanda,2021,0,0,0,270,0,270,270,270,0
Rwanda,2022,0,0,0,260,0,260,260,260,0
Rwanda,2023,0,0,0,250,0,250,250,250,0
Saudi Arabia,2013,0,730,0,0,730,0,730,730,0
Saudi Arabia,2014,0,820,0,0,820,0,820,820,0
Saudi Arabia,2015,0,785,0,0,785,0,785,785,0
Saudi Arabia,2016,0,840,0,0,840,0,840,840,0
Saudi Arabia,2017,0,935,0,0,935,0,935,935,0
Saudi Arabia,2018,0,980,0,0,980,0,980,980,0
Saudi Arabia,2019,0,1040,0,0,1040,0,1040,1040,0
Saudi Arabia,2020,0,1200,0,0,1200,0,1200,1200,0
Saudi Arabia,2021,0,1140,0,0,1140,0,1140,1140,0
Saudi Arabia,2022,0,1300,0,0,1300,0,1300,1300,0
Saudi Arabia,2023,0,1000,0,0,1000,0,1000,1000,0
Senegal,2013,0,0,0,0,0,0,0,0,0
Senegal,2014,0,100,0,0,100,0,100,100,0
Senegal,2015,0,105,0,0,105,0,105,105,0
Senegal,2016,0,95,0,0,95,0,95,95,0
Senegal,2017,0,90,0,0,90,0,90,90,0
Senegal,2018,0,45,0,0,45,0,45,45,0
Senegal,2019,0,80,0,0,80,0,80,80,0
Senegal,2020,0,85,0,0,85,0,85,85,0
Senegal,2021,0,50,0,0,50,0,50,50,0
Senegal,2022,0,15,0,0,15,0,15,15,0
Senegal,2023,0,50,0,0,50,0,50,50,0
Serbia,2013,0,790,0,0,790,0,790,790,0
Serbia,2014,0,605,0,0,605,0,605,605,0
Serbia,2015,0,715,0,0,715,0,715,715,0
Serbia,2016,0,625,0,0,625,0,625,625,0
Serbia,2017,0,725,0,0,725,0,725,725,0
Serbia,2018,0,800,0,0,800,0,800,800,0
Serbia,2019,0,805,0,0,805,0,805,805,0
Serbia,2020,0,835,0,0,835,0,835,835,0
Serbia,2021,0,735,0,0,735,0,735,735,0
Serbia,2022,0,715,0,0,715,0,715,715,0
Serbia,2023,0,715,0,0,715,0,715,715,0
Sierra Leone,2013,0,20,0,25,0,45,45,45,20
Sierra Leone,2014,0,23,0,42,0,65,65,65,23
Sierra Leone,2015,0,20,0,40,0,60,60,60,20
Sierra Leone,2016,0,20,0,40,0,60,60,60,20
Sierra Leone,2017,0,24,0,41,0,65,65,65,24
Sierra Leone,2018,0,13,0,37,0,50,50,50,13
Sierra Leone,2019,0,24,0,41,0,65,65,65,24
Sierra Leone,2020,0,15,0,60,0,75,75,75,15
Sierra Leone,2021,0,10,0,30,0,40,40,40,10
Sierra Leone,2022,0,10,0,40,0,50,50,50,10
Sierra Leone,2023,0,10,0,50,0,60,60,60,10
Singapore,2013,0,120,0,0,120,0,120,120,0
Singapore,2014,0,150,0,0,150,0,150,150,0
Singapore,2015,0,140,0,0,140,0,140,140,0
Singapore,2016,0,105,0,0,105,0,105,105,0
Singapore,2017,0,95,0,0,95,0,95,95,0
Singapore,2018,0,190,0,0,190,0,190,190,0
Singapore,2019,0,100,0,0,100,0,100,100,0
Singapore,2020,0,90,0,0,90,0,90,90,0
Singapore,2021,0,100,0,0,100,0,100,100,0
Singapore,2022,0,110,0,0,110,0,110,110,0
Singapore,2023,0,100,0,0,100,0,100,100,0
South Africa,2013,0,545,0,0,545,0,545,545,0
South Africa,2014,0,565,0,0,565,0,565,565,0
South Africa,2015,0,600,0,0,600,0,600,600,0
South Africa,2016,0,585,0,0,585,0,585,585,0
South Africa,2017,0,715,0,0,715,0,715,715,0
South Africa,2018,0,710,0,0,710,0,710,710,0
South Africa,2019,0,660,0,0,660,0,660,660,0
South Africa,2020,0,715,0,0,715,0,715,715,0
South Africa,2021,0,880,0,0,880,0,880,880,0
South Africa,2022,0,650,0,0,650,0,650,650,0
South Africa,2023,0,750,0,0,750,0,750,750,0
Sri Lanka,2013,0,0,0,0,0,0,0,0,0
Sri Lanka,2014,0,0,0,0,0,0,0,0,0
Sri Lanka,2015,0,0,0,0,0,0,0,0,0
Sri Lanka,2016,0,0,0,0,0,0,0,0,0
Sri Lanka,2017,0,0,0,0,0,0,0,0,0
Sri Lanka,2018,0,0,0,0,0,0,0,0,0
Sri Lanka,2019,0,0,0,0,0,0,0,0,0
Sri Lanka,2020,0,0,0,0,0,0,0,0,0
Sri Lanka,2021,0,0,0,0,0,0,0,0,0
Sri Lanka,2022,0,0,0,0,0,0,0,0,0
Sri Lanka,2023,0,0,0,0,0,0,0,0,0
Switzerland,2013,0,1410,0,890,2300,0,2300,2300,-890
Switzerland,2014,0,1445,0,975,2420,0,2420,2420,-975
Switzerland,2015,0,1420,0,1040,2460,0,2460,2460,-1040
Switzerland,2016,0,1450,0,1150,2600,0,2600,2600,-1150
Switzerland,2017,0,1525,0,1225,2750,0,2750,2750,-1225
Switzerland,2018,0,1460,0,1350,2810,0,2810,2810,-1350
Switzerland,2019,0,1470,0,1560,3030,0,3030,3030,-1560
Switzerland,2020,0,1580,0,1870,3450,0,3450,3450,-1870
Switzerland,2021,0,1550,0,1850,3400,0,3400,3400,-1850
Switzerland,2022,0,1525,0,1765,3290,0,3290,3290,-1765
Switzerland,2023,0,1650,0,1850,3500,0,3500,3500,-1850
Taiwan,2013,0,380,0,0,380,0,380,380,0
Taiwan,2014,0,445,0,0,445,0,445,445,0
Taiwan,2015,0,535,0,0,535,0,535,535,0
Taiwan,2016,0,570,0,0,570,0,570,570,0
Taiwan,2017,0,590,0,0,590,0,590,590,0
Taiwan,2018,0,610,0,0,610,0,610,610,0
Taiwan,2019,0,690,0,0,690,0,690,690,0
Taiwan,2020,0,660,0,0,660,0,660,660,0
Taiwan,2021,0,695,0,0,695,0,695,695,0
Taiwan,2022,0,685,0,0,685,0,685,685,0
Taiwan,2023,0,700,0,0,700,0,700,700,0
Tanzania,2013,255,50,202,803,0,800,1055,1055,50
Tanzania,2014,202,50,322,980,0,1150,1352,1352,50
Tanzania,2015,322,52,250,1120,0,1100,1422,1422,52
Tanzania,2016,250,50,220,1030,0,1050,1300,1300,50
Tanzania,2017,220,50,290,1030,0,1150,1370,1370,50
Tanzania,2018,290,50,310,1230,0,1300,1590,1590,50
Tanzania,2019,310,50,280,1230,0,1250,1560,1560,50
Tanzania,2020,280,75,504,1057,6,1350,1636,1636,69
Tanzania,2021,504,40,516,1247,9,1290,1803,1803,31
Tanzania,2022,516,75,407,1160,6,1120,1642,1642,69
Tanzania,2023,407,77,416,1270,6,1350,1763,1763,71
Thailand,2013,0,515,0,2100,1615,1000,2615,2615,-1100
Thailand,2014,0,545,0,1975,1520,1000,2520,2520,-975
Thailand,2015,0,555,0,960,815,700,1515,1515,-260
Thailand,2016,0,530,0,850,580,800,1380,1380,-50
Thailand,2017,0,635,0,650,585,700,1285,1285,50
Thailand,2018,0,770,0,730,850,650,1500,1500,-80
Thailand,2019,0,800,0,905,1005,700,1705,1705,-205
Thailand,2020,0,650,0,885,935,600,1535,1535,-285
Thailand,2021,0,725,0,990,1065,650,1715,1715,-340
Thailand,2022,0,730,0,900,930,700,1630,1630,-200
Thailand,2023,0,680,0,1100,1030,750,1780,1780,-350
Togo,2013,0,0,0,165,0,165,165,165,0
Togo,2014,0,0,0,175,0,175,175,175,0
Togo,2015,0,0,0,120,0,120,120,120,0
Togo,2016,0,0,0,80,0,80,80,80,0
Togo,2017,0,0,0,130,0,130,130,130,0
Togo,2018,0,0,0,95,0,95,95,95,0
Togo,2019,0,0,0,100,0,100,100,100,0
Togo,2020,0,0,0,85,0,85,85,85,0
Togo,2021,0,0,0,80,0,80,80,80,0
Togo,2022,0,0,0,100,0,100,100,100,0
Togo,2023,0,0,0,80,0,80,80,80,0
Trinidad and Tobago,2013,0,0,0,0,0,0,0,0,0
Trinidad and Tobago,2014,0,0,0,0,0,0,0,0,0
Trinidad and Tobago,2015,0,0,0,0,0,0,0,0,0
Trinidad and Tobago,2016,0,0,0,0,0,0,0,0,0
Trinidad and Tobago,2017,0,0,0,0,0,0,0,0,0
Trinidad and Tobago,2018,0,0,0,0,0,0,0,0,0
Trinidad and Tobago,2019,0,0,0,0,0,0,0,0,0
Trinidad and Tobago,2020,0,0,0,0,0,0,0,0,0
Trinidad and Tobago,2021,0,0,0,0,0,0,0,0,0
Trinidad and Tobago,2022,0,0,0,0,0,0,0,0,0
Trinidad and Tobago,2023,0,0,0,0,0,0,0,0,0
Turkey,2013,0,505,0,0,505,0,505,505,0
Turkey,2014,0,675,0,0,675,0,675,675,0
Turkey,2015,0,710,0,0,710,0,710,710,0
Turkey,2016,0,960,0,0,960,0,960,960,0
Turkey,2017,0,865,0,0,865,0,865,865,0
Turkey,2018,0,1205,0,0,1205,0,1205,1205,0
Turkey,2019,0,1215,0,0,1215,0,1215,1215,0
Turkey,2020,0,1165,0,0,1165,0,1165,1165,0
Turkey,2021,0,1285,0,0,1285,0,1285,1285,0
Turkey,2022,0,1590,0,0,1590,0,1590,1590,0
Turkey,2023,0,1530,0,0,1530,0,1530,1530,0
Uganda,2013,363,220,393,3600,0,3850,4213,4213,220
Uganda,2014,393,230,313,3350,0,3500,3893,3893,230
Uganda,2015,313,250,313,3300,0,3550,3863,3863,250
Uganda,2016,313,250,338,4600,0,4875,5188,5188,250
Uganda,2017,338,250,388,4300,0,4600,4938,4938,250
Uganda,2018,388,250,338,4450,0,4650,5038,5038,250
Uganda,2019,338,100,363,5350,0,5475,5813,5813,100
Uganda,2020,363,100,379,6514,0,6630,6993,6993,100
Uganda,2021,379,125,454,5850,0,6050,6429,6429,125
Uganda,2022,454,300,469,6250,0,6565,7019,7019,300
Uganda,2023,469,325,479,6515,0,6850,7319,7319,325
Ukraine,2013,0,1155,0,0,1155,0,1155,1155,0
Ukraine,2014,0,1025,0,0,1025,0,1025,1025,0
Ukraine,2015,0,970,0,0,970,0,970,970,0
Ukraine,2016,0,960,0,0,960,0,960,960,0
Ukraine,2017,0,1105,0,0,1105,0,1105,1105,0
Ukraine,2018,0,1145,0,0,1145,0,1145,1145,0
Ukraine,2019,0,1270,0,0,1270,0,1270,1270,0
Ukraine,2020,0,1235,0,0,1235,0,1235,1235,0
Ukraine,2021,0,1300,0,0,1300,0,1300,1300,0
Ukraine,2022,0,1080,0,0,1080,0,1080,1080,0
Ukraine,2023,0,1000,0,0,1000,0,1000,1000,0
United Kingdom,2013,0,0,0,0,0,0,0,0,0
United Kingdom,2014,0,0,0,0,0,0,0,0,0
United Kingdom,2015,0,0,0,0,0,0,0,0,0
United Kingdom,2016,0,4260,0,0,4260,0,4260,4260,0
United Kingdom,2017,0,3610,0,0,3610,0,3610,3610,0
United Kingdom,2018,0,3875,0,0,3875,0,3875,3875,0
United Kingdom,2019,0,3805,0,0,3805,0,3805,3805,0
United Kingdom,2020,0,2955,0,0,2955,0,2955,2955,0
United Kingdom,2021,0,3985,0,0,3985,0,3985,3985,0
United Kingdom,2022,0,3980,0,0,3980,0,3980,3980,0
United Kingdom,2023,0,4200,0,0,4200,0,4200,4200,0
United States,2013,5450,23811,6025,580,24915,51,30416,30416,-1104
United States,2014,6025,23568,6117,380,23995,45,30065,30065,-427
United States,2015,6117,25083,6199,60,25185,40,31342,31342,-102
United States,2016,6199,25512,7190,0,26470,33,32702,32702,-958
United States,2017,7190,25557,6440,0,24775,32,31997,31997,782
United States,2018,6440,27162,7352,0,28020,54,34514,34514,-858
United States,2019,7352,26049,6402,0,25060,39,32451,32451,989
United States,2020,6402,25922,6023,0,25510,33,31945,31945,412
United States,2021,6023,26723,6378,0,27040,38,33101,33101,-317
United States,2022,6378,24623,5700,0,23905,40,30323,30323,718
United States,2023,5700,25475,5700,0,25425,50,31175,31175,50
Uruguay,2013,0,20,0,0,20,0,20,20,0
Uruguay,2014,0,15,0,0,15,0,15,15,0
Uruguay,2015,0,20,0,0,20,0,20,20,0
Uruguay,2016,0,15,0,0,15,0,15,15,0
Uruguay,2017,0,20,0,0,20,0,20,20,0
Uruguay,2018,0,20,0,0,20,0,20,20,0
Uruguay,2019,0,20,0,0,20,0,20,20,0
Uruguay,2020,0,35,0,0,35,0,35,35,0
Uruguay,2021,0,40,0,0,40,0,40,40,0
Uruguay,2022,0,35,0,0,35,0,35,35,0
Uruguay,2023,0,40,0,0,40,0,40,40,0
Venezuela,2013,69,1170,55,50,506,700,1275,1275,664
Venezuela,2014,55,1151,21,30,687,460,1202,1202,464
Venezuela,2015,21,1151,12,30,672,500,1193,1193,479
Venezuela,2016,12,1133,3,8,602,530,1144,1144,531
Venezuela,2017,3,1217,5,8,652,575,1230,1230,565
Venezuela,2018,5,1214,12,16,652,585,1242,1242,562
Venezuela,2019,12,556,3,5,2,550,564,564,554
Venezuela,2020,3,466,14,5,2,480,485,485,464
Venezuela,2021,14,496,15,5,2,500,516,516,494
Venezuela,2022,15,501,11,5,2,500,517,517,499
Venezuela,2023,11,498,10,5,2,500,513,513,496
Vietnam,2013,1946,2008,2130,28289,648,29833,32427,32427,1360
Vietnam,2014,2130,2217,6336,21567,590,27400,30120,30120,1627
Vietnam,2015,6336,2630,4201,29065,630,28930,35896,35896,2000
Vietnam,2016,4201,2770,2681,26450,1000,26700,31901,31901,1770
Vietnam,2017,2681,2880,254,29907,1060,29300,33041,33041,1820
Vietnam,2018,254,2940,556,28318,1160,30400,31814,31814,1780
Vietnam,2019,556,3100,2130,27326,700,31300,32556,32556,2400
Vietnam,2020,2130,2720,3660,25300,550,29000,31680,31680,2170
Vietnam,2021,3660,3200,3580,29010,550,31580,35790,35790,2650
Vietnam,2022,3580,3200,339,27740,499,27200,31279,31279,2701
Vietnam,2023,339,3200,359,25000,720,27500,28559,28559,2480
Yemen,2013,0,125,0,10,0,135,135,135,125
Yemen,2014,0,124,0,6,0,130,130,130,124
Yemen,2015,0,0,0,0,0,0,0,0,0
Yemen,2016,0,0,0,0,0,0,0,0,0
Yemen,2017,0,0,0,0,0,0,0,0,0
Yemen,2018,0,0,0,0,0,0,0,0,0
Yemen,2019,0,0,0,0,0,0,0,0,0
Yemen,2020,0,0,0,0,0,0,0,0,0
Yemen,2021,0,0,0,0,0,0,0,0,0
Yemen,2022,0,0,0,0,0,0,0,0,0
Yemen,2023,0,0,0,0,0,0,0,0,0
Yemen (Sanaa),2013,0,0,0,0,0,0,0,0,0
Yemen (Sanaa),2014,0,0,0,0,0,0,0,0,0
Yemen (Sanaa),2015,0,0,0,0,0,0,0,0,0
Yemen (Sanaa),2016,0,0,0,0,0,0,0,0,0
Yemen (Sanaa),2017,0,0,0,0,0,0,0,0,0
Yemen (Sanaa),2018,0,0,0,0,0,0,0,0,0
Yemen (Sanaa),2019,0,0,0,0,0,0,0,0,0
Yemen (Sanaa),2020,0,0,0,0,0,0,0,0,0
Yemen (Sanaa),2021,0,0,0,0,0,0,0,0,0
Yemen (Sanaa),2022,0,0,0,0,0,0,0,0,0
Yemen (Sanaa),2023,0,0,0,0,0,0,0,0,0
Zambia,2013,0,0,0,0,0,0,0,0,0
Zambia,2014,0,0,0,0,0,0,0,0,0
Zambia,2015,0,0,0,0,0,0,0,0,0
Zambia,2016,0,0,0,0,0,0,0,0,0
Zambia,2017,0,0,0,0,0,0,0,0,0
Zambia,2018,0,0,0,0,0,0,0,0,0
Zambia,2019,0,0,0,0,0,0,0,0,0
Zambia,2020,0,0,0,0,0,0,0,0,0
Zambia,2021,0,0,0,0,0,0,0,0,0
Zambia,2022,0,0,0,0,0,0,0,0,0
Zambia,2023,0,0,0,0,0,0,0,0,0
Zimbabwe,2013,0,0,0,0,0,0,0,0,0
Zimbabwe,2014,0,0,0,0,0,0,0,0,0
Zimbabwe,2015,0,0,0,0,0,0,0,0,0
Zimbabwe,2016,0,0,0,0,0,0,0,0,0
Zimbabwe,2017,0,0,0,0,0,0,0,0,0
Zimbabwe,2018,0,0,0,0,0,0,0,0,0
Zimbabwe,2019,0,0,0,0,0,0,0,0,0
Zimbabwe,2020,0,0,0,0,0,0,0,0,0
Zimbabwe,2021,0,0,0,0,0,0,0,0,0
Zimbabwe,2022,0,0,0,0,0,0,0,0,0
Zimbabwe,2023,0,0,0,0,0,0,0,0,0
